{"cameraMode":{"drawMode":0,"name":"Shaded","section":"Shading Mode"},"sceneLighting":true,"audioPlay":false,"sceneViewState":{"m_AlwaysRefresh":false,"showFog":true,"showSkybox":true,"showFlares":true,"showImageEffects":true,"showParticleSystems":true,"showVisualEffectGraphs":true,"m_FxEnabled":true},"in2DMode":false,"pivot":{"x":158.02723693847657,"y":-46.65222930908203,"z":1419.452880859375},"rotation":{"x":-0.17079320549964906,"y":0.11411068588495255,"z":-0.019918717443943025,"w":-0.978472113609314},"size":1010.4727783203125,"orthographic":false}